workerid,assignmentid
0,3K5TEWLKGVBV0WOW7BJUWN70AULVI9
1,34S9DKFK73P4IRUS92J68U7BEAHNYQ
2,3MD9PLUKKIE4NH4X5OLPM1GDK4LNZH
3,3TVSS0C0E10YOZ4CRXNUWWSNSK7WT5
4,3570Y55XZPJY8ZD6MY6BIAYEDYVYGT
5,3C2NJ6JBKAHEH61LGHCBZQ66ZVMN29
6,3K772S5NP8BE2QRQ63CZW7IZAMAHE3
7,3ZY8KE4ISJ38HUCFKJO35PYM142VQC
8,3PB5A5BD0V6FTFH5ZPGB5XEH9ZXG7L
9,3TR2532VIPU6GHT1OLWMWW616GJJ6I
10,34S9DKFK73P4IRUS92J68U7BEAHYN1
11,3180JW2OT4CAXDTNJ2MH4QS1AL8J52
12,34X6J5FLPTYZQZCL3UAK21NS6HVQJM
13,3SPJ03342138Z137U4REFNQU5QHYJ2
14,3PMBY0YE2736QMPTC0ICT2K86XPC9F
15,351SEKWQS0HV2YE115HSIU8ARW8MDO
16,3OS4RQUCR9FWHRO01MM9SE01RAKFB3
17,34Q075JO1XD47PRIW7AZJV0OZXE10E
18,39OWYR0EPKRSUZHBBE0T0PY2CJVYFU
19,3SNLUL3WO4NXDI72NO62SHX9DR6ULX
20,3EFVCAY5L39TKVCPH0TKGA2SCB9J84
21,3G0WWMR1UVKV9P36IS2CV849F10QNQ
22,3IQ1VMJRYTKIX7SVSMMLN7UK6UXA94
23,3L2IS5HSFAIN1IANZ1MH591YIM6UNZ
24,3ZWFC4W1UU7JXY5PXJ8ZST559WNRFS
25,3CPLWGV3MOZPHQMK1QRQ9DEK513N98
26,3OS4RQUCR9FWHRO01MM9SE01RADBFS
27,3K772S5NP8BE2QRQ63CZW7IZAM3EHT
28,3F6HPJW4JD0440AZ8I3YV9JXS7QW29
29,3TUI152ZZBNSVIWHD54EY1R6C0VQ1I
30,3ZAK8W07I4EKGMIGYVKJUX5LATZU0S
31,33CID57104TDEOUJ84A158790EML3G
32,3GNCZX450IN3PU829BII9XUZBYMPAL
33,3SNVL38CI4SQ7I8KGX91JBYOHR1CK9
34,3S96KQ6I9M4ZFT4LA2I44832L4XTDP
35,392CY0QWG1RW6J5HNFI7NX7NXAOI4K
36,3RANCT1ZVFHL09LQWBH8EE141XSUBA
37,3TVSS0C0E10YOZ4CRXNUWWSNSK3WT1
38,3S06PH7KSR4Y69SC8JYUY2K7TL71DP
39,3M81GAB8A0JT8GE9F2X34D4FYCMBQM
40,3EJJQNKU9R53BUWVS9WZVEHIPBTRHJ
41,3UOUJI6MTDESDCOR179Q3BSWK0FUXI
42,3L0KT67Y8EG1Y4MXHY0S7OHH19PYSD
43,3I0BTBYZAXL1XV2L8WH8XIBY6H70YT
44,3O6CYIULED1DOCJ1R2D41SEPBYAWUS
45,3H7XDTSHKCRUJUI67XONXDDY2QVGWC
46,31QTRG6Q2TD4LC65PHWYCJC6EPIYPX
47,3UNH76FOCS5Y099SX146VFIB9K7YM1
48,3ZWFC4W1UU7JXY5PXJ8ZST559WGRFL
49,3FE2ERCCZX8SRY23JUN0ASE40FJOPC
50,3ND9UOO81K2A5MW7IOL3A5I6Y7HWLY
51,3SPJ03342138Z137U4REFNQU5QCYJX
52,3RSDURM96AM0OLHFG3GNI7D20IGYEC
53,3QY5DC2MXRKBDQX61D34X4SPGVKUFS
54,3X4MXAO0BGOL8KRKN8IZWHR54Z6WRO
55,3YWRV122CSZ2YBNJTZXYNCB3TR78UP
56,3R6P78PK7KB2RDECCSJCAT6ZYWDGTM
57,3WI0P0II61SMZERT6DD94T2KXJ0RDA
58,34Z02EIMISD5G93RYQU9P1JJRFOT0W
59,3NKQQ8O39Y5EF6JAA78E94P44I4UDH
60,3X3OR7WPZZ0ZFL0PKL5XWPFKG0EL88
61,3E13VNJ1NNVFEK8Y0XZ5PZ0KLQEI17
62,33FOTY3KEMLO1HMY8N3JEW2P8LV1CP
63,37FMASSAYCRGRIQQ2USUVBDT725BIJ
64,3OONKJ5DKCJQN41T0P5ZF89FJB4OBR
65,35GMH2SV3EHOU7DDAG7PGGF0M8HOER
66,3MRNMEIQW56BWGWG1TGDIHTLRRBLDE
67,30ZX6P7VF8VIYGA01JKJ6JPPQBHJ21
68,30BXRYBRP4X8JQDHR365IDPZHQ8WHR
69,35LDD5557A43G4KBTM3FM730B5YKMS
70,3T3IWE1XG6NT428QFOOO47A14JTTQ1
71,3U5JL4WY5K9TWEUCM1I8Q7U2LNZX46
72,31HQ4X3T3SAHY5FYYJB2DGFLSULSLF
73,3X66WABAJWIXSWGIXDDLSG214X0G35
74,3KAKFY4PGU2BONMDN1DODSFHJASI3Z
75,3KB8R4ZV1E72VRKVC6SRAZ0DSPDGBW
76,3JMSRU9HQIUJKRMABST3B898I1EVE0
77,3I7DHKZYGN0USB7R0CVWPS09HERF5V
78,3WQQ9FUS6AUN2CEDT8G3IMJF460B8B
79,3H0W84IWBK2RRK5T28OTABK5XV6ERV
80,39U1BHVTDLR1X12OHDCSRZHQUR8T3R
81,3P1L2B7AD1P20DN5R2UTTB5KV5IOLE
82,36TFCYNS44AN8QI7182RKW36QSEHX5
83,3Z7EFSHGN9EWRI7RFGOQ956QD0ECXW
84,3ITXP059PWJB3FRYVYZPX12TO5GSJD
85,39JEC7537U14NT2WF1N8LK95XP1VC7
86,339ANSOTR52HKLUK875NUEWJUWEIKA
87,3B837J3LDOWS13AB338YZSOKYMASR5
88,35GCEFQ6I5OXJDBNN51ADNI7FN0Z3J
89,3KIBXJ1WD5URG75N62ISEBS565KKOE
90,31IBVUNM9SZBQ5M663D9TQU8U2TVFI
91,3018Q3ZVOIQO17OHM3M7ESUECG3RA8
92,36U2A8VAG1Z3AL9PCPRQG2Q7KFCYKW
93,3N2BF7Y2VQUCEEJ3N10I9FN8JOUHML
94,3EQHHY4HQSS06B3MBW1E7D0LITRG5V
95,3FK0YFF9PZG0M28W6IIDBCXUIWHVV6
96,3X1FV8S5JXRH45I1HNJRBBUKVHTGV2
97,3IJXV6UZ1XJ37P7FYREKVQIXPO8IR3
98,3WAKVUDHUWGYYXI0JU5S9CF8I71U7O
99,3HFNH7HEMHEPZXMKVOPH5OVCEPEQGI
100,3FQ5JJ512LO9YM5B5NIFZMS0GV8KNS
101,3NVC2EB65QZXEN1IRJZRZG959TQY3L
102,3DPNQGW4LLFGDZAGLE9IQUHIOJT64E
103,3J4Q2Z4UTY3LWJCKATTZRRH08D4QWH
104,3SBEHTYCWN3C4QJ1CM6E3MBUSBNIY5
105,33PPO7FECVF96FOAGQJ0Q11TANHIDX
106,3O7L7BFSHEPEYL2ACLUKWJJEAZIEIM
107,34BBWHLWHAB8FLO1XLOQIPQEH3NIW6
108,3LWJHTCVCCMJLXQPK4JZN3V0DAEQFJ
109,3ATPCQ38J8AXY8030YE1MONBF3IYAH
110,3HUTX6F6VUNWZR1XHWCOEF6BP5RO2P
111,3YZ8UPK3VTM4AEDWABD3PY7MJIXCU4
112,34FNN24DCM90S2OM52NKED7PNPHY5B
113,37FMASSAYCRGRIQQ2USUVBDT725IBQ
114,3CN4LGXD5XOIWJKMRX4A9L1BNTMY46
115,3Y4W8Q93LZKESL8AFXIJ5QRNIPDVD7
116,30BXRYBRP4X8JQDHR365IDPZHQFWHY
117,33C7UALJVLYMPEWLRBNECA66IUA18J
118,3SNLUL3WO4NXDI72NO62SHX9DR6LUO
119,3OLQQLKKNSPATWMGU3FK8KYENE7EJY
120,30LB5CDZNCA12LCQ4IJRBPK0CBB0ZK
121,317HQ483I7SISRFN5KX3M6DNORJINF
122,3P529IW9KYL8U0ACSZB36HW634RLFP
123,3X4JMASXCM95KN9AY43OP7DXL8UB0U
124,3IO1LGZLK9XHW0XIXHZV76XNQ5P68L
125,3R6P78PK7KB2RDECCSJCAT6ZYWDTGZ
126,3C6FJU71TQTHDHE163VSMPZ5M6AYUT
127,31LVTDXBL7A5XQFLJUBXN6AP6S2RLQ
128,308Q0PEVB8DX3PBT4AEY45I3J22I9G
129,39GXDJN2OTE2BQCJYP73JYDM7YG8VE
130,3KOPY89HM827JY6J5JYOPTUHWPHJ3C
131,3VBEN272MKZ1CD1XNSEM0OADWDZGSX
132,3ZQIG0FLQEGD1R81WSN9XEG8P5JWVH
133,3SKRO2GZ71R6KFYM00KH2FFXDU41K2
134,3LOTDFNYA7ZO5UMBWDI5FSDM1C6FWP
135,3M81GAB8A0JT8GE9F2X34D4FYCMQB1
136,3E1QT0TDFP9XPKSJZI8K49NSZWKI8R
137,3Q5ZZ9ZEVOFLDWX4SYPQF0JNUAE857
138,3WLEIWSYHOHM7AFADJHYU69ADJJH20
139,30JNVC0OR9K3ZTHVFU7ZQO7DTPRHQ8
140,3CFJTT4SXTQTP6N0PDGEQ9RXOCM7I1
141,34J10VATJFY3VOSFLCPKQ08ST26IQ2
142,3Y9N9SS8LYBUGC6RVNCDMVZ4R5R3DP
143,3L6L49WXW0XKUVA2GVZDYO3ISOI54X
144,3TVRFO09GKFPUM1XSTHPCOWD79NLXG
145,3MX2NQ3YC9UBSXYC061IVZ0GLJN5XC
146,39L1G8WVWQR0OHQFFUSILTYV28I13R
147,33NF62TLXJ2DFWEQQPQN6FBJ7B3KJO
148,3LOZAJ85YDDJT0FPINZKXSX41912XD
149,3FTOP5WARFOB267MMWG5NVWATDXJ0H
150,34BBWHLWHAB8FLO1XLOQIPQEH3NWIK
151,38F5OAUN5NCTTBCGJVYTQXQIOZ77H8
152,36TFCYNS44AN8QI7182RKW36QSLHXC
153,31N2WW6R9RQREWKNMT73AV2P3I03FT
154,3P529IW9KYL8U0ACSZB36HW634RFLJ
155,3GFK2QRXX9HW3XTMQ15WTGM9CHHW5A
156,3WYGZ5XF3WF6EZXGDJZ1YG263UGKS4
157,36ZN444YTRY0ACFZ6ZXG1VDSE1OIOU
158,3X3OR7WPZZ0ZFL0PKL5XWPFKG0KL8E
159,3C2NJ6JBKAHEH61LGHCBZQ66ZVRN2E
160,34S9DKFK73P4IRUS92J68U7BEANNYW
161,3U5JL4WY5K9TWEUCM1I8Q7U2LN04XE
162,3Z9WI9EOZZOHOQJ02PN2U2V4UJZHKG
163,3U088ZLJVKTX8Q7LTVZKCLQIV970WU
164,3IUZPWIU1O7ZLGEPXO92V55R97CKWJ
165,3VNL7UK1XFJWDDIH18DUS86NXHDFTM
166,3907X2AHF05EKRDYWWP33FB1ZAN2PK
167,3R3YRB5GRF3GHZGYQXHCJ3HYJF7AUV
168,3STRJBFXOWR7TZAV2J4R8LYS5DUTK2
169,3Y54SXRO1LLLWVF7WX8TE87Q74STUZ
170,3K2755HG5S3PWOMKFIDFN4O1UVVDF7
171,36AHBNMV1RCVWF3FK853CPVH06FYDJ
172,3STRJBFXOWR7TZAV2J4R8LYS5DUKTT
173,3PXX5PX6LXY1L07SQ60HEDPAUU0BAF
174,373ERPL3YO8TG3NQS3DO9XK605OTRV
175,3P59JYT76LKCCJ65DDYN8PCYOD82TP
176,3MTMREQS4VIT9353LXWD1R2V4VIAWU
177,3SEPORI8WNZX3YA8WKGK0VWDLXMAZK
178,3IX2EGZR7BJZ20RLG9ZK7RXX234RJV
179,3F6KKYWMNB11KGZ1D6WSV9XAWMBNDI
180,3JCG6DTRV3QGCMGYYKUTZ2ZEKCNQQD
181,3CFVK00FWLLCB7H1R68ZCBJTA5OL6M
182,33LK57MYLT513UW2DK2BLVQJ73TSZY
183,3NLZY2D53PP5LP0L6FMXIG0KA60QLO
184,3OONKJ5DKCJQN41T0P5ZF89FJB4BOE
185,31Q0U3WYDPFIP0R2H6V8YAAB7A417W
186,3LO69W1SU3DE80673JHLO2WI4JRGLJ
187,3COPXFW7XBC917HOL2V73BXVGA9KPO
188,3U84XHCDICDI19URNJ6TNSADTNXZ45
189,3II4UPYCOJ7MNDCTTYO9Z3SF1XYQD8
190,3AUQQEL7U5TKT17G3LUOQJ74O050VK
191,3TE3O857308ZW4TD9OTS8ABG0SBR21
192,3B1NLC6UGZW4ZLL5VBAS5J529TSGPH
193,33PPUNGG385P2FWPYV26VLLNL1HZRO
194,32ZKVD547FN11F87HRL7R5B4OK8B3J
195,3X87C8JFV6BSP2VBQOJYU2EF208SQ4
196,35H6S234SA0Y9IEGZJSSVMNWOFO65J
197,34HJIJKLP5W1SPPHMMHQ2MXH5D0V4C
198,386CSBG1OZMN24XEJBGVTXINKBBQ6G
199,3ATTHHXXWAON4LTR7QKCK84LQ5TIXZ
200,3U4J9857OEBJ2Y9UJ3OX4MNKTMUB7O
201,3JBT3HLQF824Q2GAL3YHQQL8KJMPZF
202,32Z9ZLUT1LK0EH4F0HFV1JCDEO9OH7
203,30OG32W0SUB6CMD1917C1RFVWYCNEB
204,3FIUS151DV2YM8S6SSK5BARA825GGD
205,39N5ACM9HENPKBYXH54ID2JF5G4P96
206,37Z929RLG985HIN37SDTZ7P2M77TSJ
207,3K4J6M3CXETXCHF36SSVFOG7A7SGA1
208,3HMIGG0U4L6JFK7O30UNQXHGPFIY8D
209,3M1CVSFP605OP69H9OX792K9GU1AQQ
210,3ZAK8W07I4EKGMIGYVKJUX5LATW0UV
211,3C5W7UE9CFQ904JIS5I4C1B27EDMXJ
212,3QHK8ZVMIMIIHJYWNXP7NR5LO60BLY
213,3NC5L260MOMG0LD95RRVYY00Y9WFO0
214,3QJOXOW4XJR0U4S1X0SCOCQVR89MEH
215,3RXPCZQMQPB1IT23A9Z24NN46DMG1D
216,31QTRG6Q2TD4LC65PHWYCJC6EPIPYO
217,33UKMF9319K6WI0IWSIJ9CLOOQLTT8
218,3634BBTX0OU64Z267WEQE14EM0XFI5
219,3JAOYWH7VI4ZTQJZPDBBWLAV06WL9X
220,3R6BYFZZP7C3UUR16IERHBRTAD0XFM
221,3GLB5JMZFXVVAOIFQ2JX5PODVAPGD3
222,35K3O9HUABDUOU0KBDOZTM6MU7QEFV
223,3EJJQNKU9R53BUWVS9WZVEHIPBTHR9
224,32M8BPYGATMCIZY1IGK8WM4QNFXIG7
225,33SA9F9TRXUWZGMF12YZXASMPAGWEB
226,3Q5C1WP23M132WDJTDGB0QWFG4915H
227,3VHHR074H3HVF7V6AGDRIPJP5G9L7M
228,3IFS6Q0HJIJF847SDGEPL0NTBQRISR
229,3W92K5RLWUHJO8TH0R007E3V58F5V9
230,3H7XDTSHKCRUJUI67XONXDDY2QVWGS
231,3QL2OFSM96IRFOTNDA1HB3FSBMZNCI
232,3F1567XTNW5AKNZCHIJ7D79PACJQ9R
233,30X31N5D63Q02MOU1SMC42ZAYIMASF
234,3TPWUS5F891H2I215BS47MSJ4Y3WCI
235,37TRT2X24QRCMTAWKCDU7CSTKHUBJV
236,3EA3QWIZ4IVGN4K72GJFV5JFD95ITG
237,32M8BPYGATMCIZY1IGK8WM4QNFXGI5
238,3LOTDFNYA7ZO5UMBWDI5FSDM1BVWFT
239,3LO69W1SU3DE80673JHLO2WI4JRLGO
240,3X1FV8S5JXRH45I1HNJRBBUKVHTVGH
241,34HJIJKLP5W1SPPHMMHQ2MXH5CS4VB
242,3X73LLYYQ1EIWW43Z2FIMUC8OE4NHR
243,3IX2EGZR7BJZ20RLG9ZK7RXX23XRJO
244,3G5W44VEU7I3OUOPIJ5K92J3FJMKGK
245,3NPI0JQDAO584Q7BFB9Z42KRZN0TP3
246,3UN61F00HWPRV1C0R7VQ6HESK22R52
247,3A0EX8ZRN8O2HI5V6CEXHZ7HXL3YBC
248,36WLNQG78ZA4BDO46B23AWF1F9YBEA
249,30IQTZXKAK6CXQCB30V6E44P4BD0XN
250,3JPSL1DZ5SZ3M9WPTW5Q58P4BJENAG
251,3NQL1CS15R8HQW31BT5XIB1O0DJYVI
252,3ATPCQ38J8AXY8030YE1MONBF3IAYT
253,37Z929RLG985HIN37SDTZ7P2M77STI
254,3VSOLARPKB9IDMTAJ77B0ZGE0K6938
255,3P4RDNWND56M91O2QM5BTZW6F7EIJB
256,3J2UYBXQQLCZEBSF2DMGERR577D60Y
257,3O7L7BFSHEPEYL2ACLUKWJJEAZIIEQ
258,31JLPPHS2UULK9XGLWQTXPB3VJRO30
259,3PPTZCWALQKPQEHPLGD6QVBIPF8QZ7
260,3WZ36BJEV3G60W61W6RY9IF2IJLTBI
261,3L0KT67Y8EG1Y4MXHY0S7OHH19PSY7
262,3WQ3B2KGE8G5RCUSUN7O3CW7Q0V1BI
263,3X08E93BHVIUSMEU422XNS1WKAZ66Z
264,35L9RVQFCOIVRMOCW3R40P42WAXUHQ
265,3E13VNJ1NNVFEK8Y0XZ5PZ0KLQF1IR
266,3IGI0VL647KSODQQ3FA8639900INOF
267,3YGXWBAF70H5TGJHV5MLCU9SK5BC4J
268,3DY4FPOOA1O8TVRFXYD3AF8RXQ4VRD
269,3ZOTGHDK5IBP4QIVBBRU5XJFNZQSOW
270,3TDXMTX3CBUAL69V63BMKVR1T1UI65
271,3AAPLD8UCCHGR99NWY1UVTI0DWQHTM
272,3KIBXJ1WD5URG75N62ISEBS565DOKB
273,358UUM7WRZ36I5QJF0AN41SOB8XR7H
274,3LWJHTCVCCMJLXQPK4JZN3V0DAEFQ8
275,3GD6L00D3SX1A3YPLCXXHS712ZYM1R
276,3PJ71Z61R42M3JFVW3TSC61H20S198
277,3T111IHZ5EQAWOECUX87IXJU6YSR90
278,36V4Q8R5ZK0PR7I66RNCITF9ABQQMQ
279,3IXQG4FA2TYNGHXNY0MHIIEQOCIB90
280,3JWH6J9I9SD85J1HZA5M0J9AT1ZBNZ
281,3TMSXRD2X60XFFS3PE3KQQ9S01CW1S
282,3WMINLGALB3KV5ZY46WCPXVSCF5ACQ
283,3LYA37P8IQN7XDGE2XD68RS6Z6UBKU
284,3GNA64GUZE4RJ0X0ES6Q1R4NOG0Q50
285,3ZWFC4W1UU7JXY5PXJ8ZST559WGFR9
286,3483FV8BEEJ6ALVTH0QUXFKK45X62I
287,3HUTX6F6VUNWZR1XHWCOEF6BP5X2O9
288,36NEMU28XFDUB4ESI0MIAIXVYC7WM0
289,3K3R2QNK8B32CG6TYR3CN86EDXPU90
290,3R3YRB5GRF3GHZGYQXHCJ3HYJF7UAF
291,3IUZPWIU1O7ZLGEPXO92V55R97CWKV
292,34YB12FSQYOYEIOS3VI0OFB74OHGML
293,3ZAK8W07I4EKGMIGYVKJUX5LATVU0O
294,34FNN24DCM90S2OM52NKED7PNPH5YI
295,30JNVC0OR9K3ZTHVFU7ZQO7DTPRQHH
296,36U2A8VAG1Z3AL9PCPRQG2Q7KFCKYI
297,32Z9ZLUT1LK0EH4F0HFV1JCDEO9HO0
298,3WSELTNVR321HM19QSR2E7VW010AT4
299,3TXD01ZLD4H1FA0HHW7L60VYR5J4UM
